COMPANY_ASSG_ID,CHAINCODE_AMADEUS,IDAMADEUS,CHAINCODE_GALILEO,IDGALILEO,CHAINCODE_SABRE,IDSABRE,CHAINCODE_WORLDSPAN,IDWORLDSPAN,HOTELNAME,BAR,RATESCURRENCYCODE,COST,STREETADDRESSLINE1,CITY,STATECODE,STREETADDRESSPOSTALCODE,COUNTRY,COUNTRYCODE,ARPTCODE1,CURRENTLOCALTELEPHONENUMBER,CURRENTFAXTELEPHONENUMBER,POLICYCANCEL,HOTELDESCRIPTION,ARPTFREETRANSIND1,AMENRMBROADBANDINTERNETIND,AMENRMFITNESSEQTIND,CHAINNAME,PREFERENCE_RANKING,RATEDAILYWKLYIND,LATITUDE,LONGITUDE,CHECKINTIME,CHECKOUTTIME,POLICYRESVHELD,POLICYDEPOSIT,POLICYRESVGTYIND,POLICYRESTRICTIONS,RATECALCDBLMAX,RATECALCDBLMIN,AIRCONDITIONINGINROOMIND,AMENRMBROADBANDINTERNETFEEIND,DAILYMAIDSERVICEIND,FIREPLACEIND,IRONIND,KITCHENKITCHENETTEIND,MICROWAVEOVENIND,NEWSPAPERFREEIND,AMENRMPHONEIND,TELEPHONEVOICEMAILIND,TELEVISIONCABLESATELLITEIND,AMENRMTVIND,AMENRMWIRELESSINTERNETIND,AMENHTLBABYSITIND,AMENHTLWHEELCHAIRPUBLIND,AMENHTLATMIND,COMPLEMENTARYCOFFEEIND,COMPLEMENTARYTRANSPORTATIONIND,CONCIERGECLUBFLOORIND,AMENHTLCRIBROLLAWAYIND,LAUNDRYROOMIND,LAUNDRYDRYCLEANINGSERVICEIND,ROOMSERVICELIMITEDIND,AMENPRKGONPAIDIND,AMENPRKGONVALETIND,AVEQUIPMENTRENTALIND,AMENHTLCOMPUTERUSEIND,AMENHTLFAXGUESTIND,AMENHTLSECRETARYSVCIND,AMENTECHTRAINCTRIND,AMENHTLPRKGLITIND,AMENHTLSMOKEALARMIND,AMENRECTENNISOUTDOORIND,AMENRMWIRELESSINTERNETFEEIND,BARBERHAIRSTYLISTIND,CONCIERGESERVICESIND,GIFTSHOPIND,AMENHTLMULTILINGUALSTAFFIND,AMENPRKGONFREEIND,BUSINESSCENTERIND,AMENHTLMTGFACIND,AMENHTLELECKEYIND,AMENHTLSPRINKERSIND,REFRIGERATORIND,WHIRLPOOLIND,AMENHTLCARRENTALIND,CURRENCYEXCHANGEIND,AMENHTLPHOTOSVCIND,AMENRECSNOWSKIIND,AMENSURVEILLANCECAMERAIND,AMENHTLUNIFORMSECURITYIND,AMENHTLWOMENONLYFLRIND,AMENRECBEACHIND,AMENRECBIKESIND,AMENRECGAMERMIND,AMENRECGOLFIND,HEALTHCLUBLIMITEDIND,AMENRECHEALTHSPAIND,AMENRECHOTTUBIND,AMENRECJOGGINGIND,AMENRECPOOLINDOORIND,AMENRECPOOLOUTDOORIND,BALCONYTERRACEIND,COFFEEMAKERIND,MINIBARIND,NONSMOKINGROOMSIND,SAFEINROOMIND,VCRINROOMIND,MTGRMBROADBANDINTERNETIND,MTGRMBROADBANDINTERNETFEEIND,MTGRMWIRELESSINTERNETIND,MTGRMWIRELESSINTERNETFEEIND,ONSITEBARLOUNGEQTY,ONSITERESTRQTY,AMENITY_CODE,HOTELINTERNETWEBSITE,QTYTOTALRMS,QTYFLOORS,YEARBUILT,CREDITCARDSACCEPTIND,MEALINCAPIND,MEALINCMAPIND,MEALINCCPIND,MEALINCEPIND,MEALINCFBIND,MEALINCALLINCIND,NEARESTSTREET,NEARESTCITY,NEARESTCITYDIST,NEARESTCITYDISTUNIT,ARPTNAME1,AIRPORTCODE,ARPTDIST1,ARPTDISTUNIT1,ARPTDIR1,MTGCHTNAME1,MTGCHTNAME2,MTGCHTNAME3,MTGCHTNAME4,MTGTOTALRMS,MTGCHTSIZE1,MTGCHTSIZE2,MTGCHTSIZE3,MTGCHTSIZE4,MTGTOTALCAPACITY,GENERALAMENITIES,ROOMAMENITIES,POINAME1,POINAME2,POINAME3,DIALCODECOUNTRY,CURRENTFAXAREACODE,CURRENTLOCALAREACODE,CURRENTTOLLFREEAREACODE,CURRENTTOLLFREETELEPHONENUMBER,HOTELEMAILADDRESS,STATE,SESSION_ID,PROVIDER_ID,HOTELID,HOTELCHAIN,HOTELBRAND,RATEDAILY,RATEWEEKLY,STAR_RATING,NEGOTIATEDAMENITIES
,IC,BEYICA,IC,26868,IC,0051888,IC,BEYHA,InterContinental Phoenicia Beirut,Y,USD,,Minet El Hosn,Beirut,-9,846,Lebanon,LB,BEY,369100,369101,24 Hours,,X,X,S,Intercontinental Hotels Group,1,D,33.900538,35.495024,1500,1200,,,Y,,1865558.91,522175.23,A,,A,,,S,S,S,A,A,A,A,X,X,X,X,,X,X,X,,X,X,X,X,X,X,X,X,,X,X,N,,X,X,X,X,,X,X,X,X,A,S,X,X,X,N,,X,,N,N,N,N,O,O,,N,O,O,S,S,A,S,A,S,,,X,,1,2,,http://phoeniciabeirut.com,446,32,1961,Y,,,,,X,,,,,,,BEY,8,KM,S,Grand Ballroom,Carthage,Elyssar,Hiram,11,1311,168,,,995,,,Solidere,National Museum,,961,1,1,888,233-9450,,,,,InterContinental Hotels & Resorts,IHG Rewards Club,,,,"Electronic key,Gift shop,Car rental,Secretary service,Cable/Satellite TV,Lighted parking,Health spa,Public wheelchair,Fitness room,Multi-lingual staff,Free Meeting room wireless internet,Outdoor tennis,Coffee maker,Limited health club,Currency exchange,Limited room service,ATM,Daily maid service,Free airport transportation,Mini bar,Refrigerator,Babysitting,Safe in room,Kitchenette,AV equipment,Snow skiing,TV,Guest fax,Valet parking,VCR in room,Photo service,Game room,Computer use,Microwave oven,Jogging track,Roll-away crib,Free Broadband internet,Hair stylist/barber,Number of Bars/Lounges,Indoor pool,Telephone voice mail,Phone,Fire sprinklers,Business center,Air conditioning,Laundry/Dry cleaning service,Whirlpool,Non-smoking Rooms,Outdoor pool,Bikes,Concierge club floor,Meeting facility,Balcony/Terrace,Number of Restaurants,Concierge services,Free wireless internet,Beach,Golf,Free newspaper,Uniformed security,Complimentary transportation,Smoke alarm,Paid parking"
,OB,DELOBE,OB,74386,OB,0024159,OB,DELOB,"(Renov - Reopen 1/2018) The Oberoi, New Delhi",N,INR,14500.0,Drive Zakir Hussain Marg,New Delhi,-9,110003,India,IN,DEL,2436-3030,2436-0484,24 Hours,,,X,,Oberoi Hotels,1,D,28.596335,77.239895,1400,1200,6 pm,1st night's deposit or credit card guarantee,Y,"No pets, no handicapped rooms",334.0,178.0,A,X,A,,,S,S,A,A,A,A,A,X,X,,,,,,,,X,X,,X,X,X,X,X,,X,X,N,X,X,X,X,X,X,X,X,X,X,S,S,X,X,X,,X,X,,,,,N,O,O,,O,O,O,S,S,A,S,A,,X,,X,,4,3,,http://www.oberoihotels.com/oberoi_delhi,220,10,1965,Y,,,,,X,,,,,,,DEL,20,KM,,Aravalli,Shivalik,Vindhya,Nilgiri,5,1350,1350,,,645,,,India Gate,Lodhi Gardens,,91,11,11,800,562-3764,,,,,Oberoi Hotels & Resorts,,,,,"Electronic key,Gift shop,Car rental,Secretary service,Cable/Satellite TV,Lighted parking,Health spa,Multi-lingual staff,Free Meeting room wireless internet,Outdoor tennis,Wireless internet,Coffee maker,Limited health club,Currency exchange,Limited room service,Daily maid service,Mini bar,Refrigerator,Babysitting,Safe in room,Kitchenette,AV equipment,TV,Broadband internet,Guest fax,Valet parking,Photo service,Free Meeting room broadband internet,Computer use,Microwave oven,Jogging track,Free Broadband internet,Hair stylist/barber,Number of Bars/Lounges,Indoor pool,Telephone voice mail,Phone,Fire sprinklers,Business center,Air conditioning,Surveillance cameras,Laundry/Dry cleaning service,Whirlpool,Non-smoking Rooms,Outdoor pool,Meeting facility,Balcony/Terrace,Number of Restaurants,Free parking,Concierge services,Free wireless internet,Golf,Free newspaper,Uniformed security,Smoke alarm"
,GI,DEL412,GI,08791,GI,0122995,GI,12298,Hilton Garden Inn Gurgaon Baani,Y,INR,,Sector 50,Gurgaon,-9,HR 122002,India,IN,DEL,442-0000,442-0010,24H,,,X,,Hilton Hotel Corporation,1,D,28.42591,77.05711,1500,1200,,,N,,8000.0,6500.0,A,,A,,,,S,,A,A,A,A,X,,X,,,,,X,X,X,X,,X,X,X,X,,,X,X,,,,,X,X,X,X,X,X,X,A,,X,X,X,,X,X,,,,,N,O,N,,,N,O,,A,,A,A,A,X,,X,,2,1,,http://hiltongardeninn3.hilton.com/en/hotels/india/hilton-garden-inn-gurgaon-baani-square-DELGUGI/index.html,201,10,2013,Y,,,,,X,,,,,,,DEL,20,KM,,Thyme,,,,5,150,,,,220,,,Kingdom of Dreams,,,91,124,124,877,STAY-HGI,,,,,Hilton Garden Inn,Hilton HHonors,,,,"Electronic key,Gift shop,Car rental,Number of Bars/Lounges,Cable/Satellite TV,Lighted parking,Indoor pool,Telephone voice mail,Phone,Fire sprinklers,Business center,Health spa,Public wheelchair,Air conditioning,Surveillance cameras,Multi-lingual staff,Laundry/Dry cleaning service,Free Meeting room wireless internet,Non-smoking Rooms,Coffee maker,Limited health club,Currency exchange,Outdoor pool,Limited room service,Daily maid service,Meeting facility,Refrigerator,Safe in room,Number of Restaurants,Laundry room,Free parking,AV equipment,Free wireless internet,TV,Guest fax,Valet parking,VCR in room,Photo service,Golf,Free Meeting room broadband internet,Computer use,Uniformed security,Microwave oven,Smoke alarm,Roll-away crib,Free Broadband internet"
,MU,DOHCOP,MU,27214,MU,0177449,MU,DOHCO,Copthorne Doha,N,QAR,295.0,Airport Road,Doha,-9,14595,Qatar,QA,DOH,4449-3333,4449-3222,24:00HR,The graceful tower of Copthorn,,,,Millennium Copthorne,-9,D,25.274358,51.542273,,,,,N,,,,,,,,,,,,,,,,,,,,,,,,,,,,,,,,,,,,,,,,,,,,,,,,,,,,,,,,,,,,,,,,,,,,,,,,,,,,,,,www.cop-doha.com,,7,2012,N,,,,,,,,,,,,DOH,,,,,,,,,,,,,,,,,,,974,,,866,866-8086,ranu.thapa@cop-doha.com,,,,Millennium Hotels,,,,,
,JI,GWYJUR,JI,82430,JI,0036564,JI,20016,JURYS INN GALWAY,N,EUR,140.0,Quay Street,Galway,-9,1016,Ireland,IE,DUB,566444,568415,2PM,,,X,,Jurys Inn,-9,D,53.270617,-9.054883,1300,1200,,First night,Y,,254.0,168.0,,,A,,,,,S,A,,A,A,X,,X,,,,,,,X,X,,,,,X,X,,,X,N,,,,,X,,,,X,,S,,,,X,,X,,,N,N,,N,,,,,,,,,,A,,,X,,X,,1,1,,www.jurysinns.com,130,6,1994,Y,,,,,,,,Galway,,,,DUB,5,MI,,The Claddagh Room,,,,1,50,,,,,,,Entertainment district,,,353,,91,,,michelle_mcintyre@jurysinns.com,,,, ,,,,,"Electronic key,Secretary service,Number of Bars/Lounges,Cable/Satellite TV,Phone,Public wheelchair,Surveillance cameras,Multi-lingual staff,Laundry/Dry cleaning service,Free Meeting room wireless internet,Outdoor tennis,Non-smoking Rooms,Bikes,Limited room service,Daily maid service,Refrigerator,Number of Restaurants,Free wireless internet,TV,Guest fax,Photo service,Beach,Golf,Free Meeting room broadband internet,Free newspaper,Smoke alarm,Free Broadband internet"
,IC,DXB759,IC,67445,IC,0079114,IC,DXBHB,Intercontinental Dubai Festival Centre,N,AED,700.0,Festival City,Dubai,-9,45777,United Arab Emirates,AE,DXB,701-1111,232-9098,24 Hours,,,X,,Intercontinental Hotels Group,2,D,25.222966,55.349915,1400,1200,,,Y,Guide Dogs only please,276.0,170.0,A,,A,,,,S,A,A,A,A,A,X,,X,X,,,X,X,X,X,X,,X,X,X,X,,,X,X,N,,X,X,X,X,X,X,X,X,X,A,,X,X,X,,X,X,,N,,,N,O,O,,O,,O,,A,A,S,A,A,X,,X,,2,4,,http://www.intercontinental.com/dubai,498,33,2007,Y,,,,,,,,Abu Dhabi,,,,DXB,5,KM,,,,,,10,,,,,2834,,,Festival Waterfront Centre,Al Badia golf course,,971,4,4,888,233-9450,,,,,InterContinental Hotels & Resorts,IHG Rewards Club,,,,"Electronic key,Gift shop,Car rental,Cable/Satellite TV,Lighted parking,Health spa,Public wheelchair,Multi-lingual staff,Free Meeting room wireless internet,Outdoor tennis,Coffee maker,Limited health club,Currency exchange,Limited room service,ATM,Daily maid service,Mini bar,Refrigerator,Safe in room,Laundry room,AV equipment,TV,Guest fax,Valet parking,VCR in room,Photo service,Free Meeting room broadband internet,Computer use,Microwave oven,Jogging track,Roll-away crib,Free Broadband internet,Hair stylist/barber,Number of Bars/Lounges,Telephone voice mail,Phone,Fire sprinklers,Business center,Air conditioning,Surveillance cameras,Laundry/Dry cleaning service,Non-smoking Rooms,Outdoor pool,Concierge club floor,Meeting facility,Number of Restaurants,Free parking,Concierge services,Free wireless internet,Beach,Golf,Free newspaper,Uniformed security,Smoke alarm"
,OB,DXBDUB,OB,26936,OB,0167069,OB,DXBOB,"THE OBEROI, DUBAI",N,AED,500.0,Overlooking Burj Khalifa,Dubai,-9,71847,United Arab Emirates,AE,DXB,444-1444,444-1333,6PM,,,,,Oberoi Hotels,1,D,25.186059,55.26358,1500,1200,,Credit Card to hold the booking,Y,,239.0,163.0,A,,A,,,,,A,A,A,A,A,X,,X,,,,,,,X,X,,,X,,X,,,,,,,,X,,X,X,X,X,,,A,,,,X,,,,,N,,,,O,O,,,,O,S,A,A,A,A,,X,,X,,1,1,,www.oberoihotels.com,252,26,2013,Y,,,,,X,,,,,,,DXB,21.40,KM,SW,Hall A,Hall C,Hall B,Executive Boardroom,18,195,195,,,1180,,,Burj Khalifa,Dubai Mall,,971,4,4,800,562-3764,alisha.arora@oberoihotels.com,,,,Oberoi Hotels & Resorts,,,,,"Number of Bars/Lounges,Cable/Satellite TV,Telephone voice mail,Phone,Business center,Health spa,Public wheelchair,Air conditioning,Multi-lingual staff,Laundry/Dry cleaning service,Free Meeting room wireless internet,Non-smoking Rooms,Coffee maker,Limited health club,Outdoor pool,Limited room service,Daily maid service,Mini bar,Meeting facility,Refrigerator,Balcony/Terrace,Safe in room,Number of Restaurants,Free parking,AV equipment,Concierge services,Free wireless internet,TV,Guest fax,Photo service,Beach,Free Meeting room broadband internet,Free newspaper"
,UZ,TYO384,UZ,04896,UZ,0140374,UZ,LOT38,Lotte City Hotel Kinshicho,N,JPY,9250.0,"4-6-1 Kinshi, Sumida-ku",Tokyo,-9,130-0013,Japan,JP,HND,5619-1066,3624-6035,,,,X,,Pegasus Connect,1,D,35.697499,139.815499,1500,1100,12 am,,N,,17000.0,14800.0,,,,,,,,,,,,,,,X,,,,,,X,X,,X,,,,,,,,,,,,,,,,X,,,,A,,,,,,,,,,,,,N,O,,,N,,,A,,S,,,,,,,2,1,,http://www.lottecityhotel.jp,230,19,2010,Y,,,X,,,,,,,,,HND,,,,,,,,,,,,,,,,,,,81,3,3,800,22-LOTTE,,,,,Pegasus Connect,,,,,"Number of Bars/Lounges,Indoor pool,Number of Restaurants,Laundry room,Business center,Health spa,Public wheelchair,Laundry/Dry cleaning service,Non-smoking Rooms,Coffee maker,Limited health club,Refrigerator,Paid parking,Free Broadband internet"
,DS,IEVMIR,DS,69025,DS,0166262,DS,KBPMI,11 Mirror Design Hotel,N,EUR,155.0,34A  B. Khmelnytskogo St.,Kiev,-9,1030,Ukraine,UA,KBP,581-1111,581-1100,6PM,,,X,,Design Hotels,2,D,50.446847,30.510235,1400,1200,,Non-guaranteed reservations are not accepted.,Y,,412.0,188.0,A,X,A,,,,,A,A,A,A,A,X,X,X,X,,,X,X,,X,X,,X,,,X,,,X,X,,X,,X,,X,X,,X,X,,,,X,,,,X,X,,,,,,,,,,,,,,A,A,A,A,,,,,1,1,,http://www.11mirrors-hotel.com/,49,11,2012,Y,,,X,,,,Bogdana Khmelnytskogo,Khreschatyk,800 mtr,MT,,KBP,10,KM,NE,,,,,,,,,,,,,Khreschatyk St.,National Ballet and Opera Theatre,,380,44,44,800,337-4685,,,,,Design Hotels,,,,,"Electronic key,Car rental,Number of Bars/Lounges,Cable/Satellite TV,Lighted parking,Telephone voice mail,Phone,Public wheelchair,Air conditioning,Surveillance cameras,Multi-lingual staff,Laundry/Dry cleaning service,Non-smoking Rooms,Wireless internet,Limited room service,ATM,Daily maid service,Concierge club floor,Mini bar,Meeting facility,Babysitting,Safe in room,Number of Restaurants,Free parking,Concierge services,Free wireless internet,TV,Broadband internet,Guest fax,Valet parking,VCR in room,Free newspaper,Uniformed security,Smoke alarm,Roll-away crib,Free Broadband internet"
,AL,KUL758,AL,01070,AL,0175257,AL,3758,Aloft Kuala Lumpur Sentral,N,MYR,430.0,5 Jalan Stesen Sentral,Kuala Lumpur,-9,50470,Malaysia,MY,KUL,2723-1188,2723-1588,6PM,,,X,,Marriott,2,D,3.134517,101.686707,1500,1200,,Credit card required at booking time,Y,,122.0,81.0,A,X,A,,,,,,A,A,A,A,X,,X,,X,,,X,,X,X,X,X,,,,,,X,X,,X,,X,,,,,X,X,X,,,,X,,,X,X,,,,,,O,,,,,O,,A,A,A,A,,X,X,X,X,2,1,,https://www.marriott.com/hotels/travel/kulal-aloft-kuala-lumpur-sentral,482,30,2013,Y,,,,,,,,Kuala Lumpur City Center,,,,KUL,53,KM,,Grand Ballroom,Ballroom A,Ballroom B,Tactic 3,9,8396,4521,,,12875,,,National Museum,KL Bird Park,,60,3,3,877,GO-ALOFT,,,,,Aloft Hotels,Marriott Bonvoy,,,,"Electronic key,Number of Bars/Lounges,Meeting room broadband internet,Cable/Satellite TV,Lighted parking,Telephone voice mail,Phone,Fire sprinklers,Public wheelchair,Air conditioning,Surveillance cameras,Laundry/Dry cleaning service,Free Meeting room wireless internet,Meeting room wireless internet,Non-smoking Rooms,Wireless internet,Coffee maker,Limited health club,Currency exchange,Outdoor pool,Limited room service,Daily maid service,Mini bar,Complimentary coffee,Meeting facility,Safe in room,Number of Restaurants,Concierge services,Free wireless internet,TV,Broadband internet,Valet parking,Free Meeting room broadband internet,Uniformed security,Smoke alarm,Roll-away crib,Paid parking,Free Broadband internet"
,CQ,NYCCQG,CQ,92764,CQ,0184712,CQ,LGACQ,Club Quarters Grand Central,N,USD,336.0,128 East 45Th St,New York,NY,10017,United States,US,LGA,986-6400,269-6464,24 Hours,,,X,,Club Quarters,1,D,40.753133,-73.974429,1200,1500,6 am,,N,,,,A,,A,,,S,S,,A,A,A,A,X,,X,X,X,,X,X,X,X,X,X,,X,X,X,,,,X,,,,X,,X,,X,X,X,X,S,,,,X,,X,,,,N,,,O,N,,N,N,,,A,,A,,,X,,X,,1,1,,clubquartershotels.com/new-york/grand-central,176,25,2014,Y,,,,,,,Lexington Avenue,Manhattan,0 mi,MI,,LGA,10,MI,,Track 1/Arlington,Track 2/Lexington,Tracks 1 & 2,,2,582,572,,,80,,,Grand Central Terminal,Museum of Modern Art,,1,212,212,,,,New York,,,Club Quarters,,,,,"Electronic key,Number of Bars/Lounges,Cable/Satellite TV,Indoor pool,Telephone voice mail,Phone,Fire sprinklers,Business center,Health spa,Public wheelchair,Air conditioning,Surveillance cameras,Multi-lingual staff,Laundry/Dry cleaning service,Free Meeting room wireless internet,Non-smoking Rooms,Coffee maker,Limited health club,Bikes,Limited room service,ATM,Daily maid service,Concierge club floor,Complimentary coffee,Meeting facility,Refrigerator,Number of Restaurants,Laundry room,Kitchenette,AV equipment,Concierge services,Free wireless internet,TV,Guest fax,Photo service,Free Meeting room broadband internet,Computer use,Microwave oven,Jogging track,Smoke alarm,Roll-away crib,Paid parking,Free Broadband internet"
,JI,LGW628,JI,16325,JI,0060771,JI,44628,JURYS INN BRIGHTON,N,GBP,99.0,101 Stroudley Rd,Brighton,ENGLAND,BN1 4DJ,United Kingdom,GB,LGW,862121,,2PM,,,X,,Jurys Inn,1,D,50.831587,-0.140226,1400,1200,,,Y,"No Pets,  No Smoking in some areas",149.0,119.0,A,,A,,,,,S,A,,,A,X,,X,,,,,,,X,X,,,,,,,,,,,,,,,,,,,,,S,,,,,,,,,N,,,,O,O,,,O,,,,,A,,,X,,X,,1,1,,www.jurysinns.com,234,5,2007,Y,,,X,,,,,,,,,LGW,,,,Suite 1,Suite 2,Suite 3,Suite 4,9,,,,,110,,,Brighton Museum and Art Gallery,The Royal Pavilion,,44,,1273,800,423-6953,database@jurysinns.com,England,,, ,,,,,"Number of Bars/Lounges,Indoor pool,Number of Restaurants,Phone,Health spa,Public wheelchair,Air conditioning,Laundry/Dry cleaning service,Free Meeting room wireless internet,Free wireless internet,TV,Non-smoking Rooms,Limited health club,Limited room service,Beach,Free Meeting room broadband internet,Daily maid service,Free newspaper,Refrigerator,Free Broadband internet"
,CY,MCINOC,CY,83633,CY,0163118,CY,MCINO,COURTYARD KANSAS CITY AT BRIARCLIFF,N,USD,126.0,4000 N Mulberry Drive,Kansas City,MO,64116,United States,US,MCI,841-3300,587-1305,24 Hours,,,X,,Marriott,1,D,39.165705,-94.594173,1500,1200,,,Y,,139.0,136.0,A,,,,,,,,A,A,A,,X,,X,,X,,,X,X,X,,,,,,,,,,X,,,,,,,X,X,X,X,X,,,,,,,,,,,,,N,O,,,N,O,,,A,,A,,,,,X,,1,1,,https://www.marriott.com/hotels/travel/mcino-courtyard-kansas-city-at-briarcliff,123,5,2012,Y,,,,,,,,,,,,MCI,4,MI,N,,,,,2,,,,,712,,,,,,1,816,816,816,841-3300,courtyard.briarcliff4000@gmail.com,Missouri,,,Courtyard By Marriott,Marriott Bonvoy,,,,"Electronic key,Number of Bars/Lounges,Cable/Satellite TV,Indoor pool,Telephone voice mail,Phone,Fire sprinklers,Business center,Public wheelchair,Air conditioning,Laundry/Dry cleaning service,Free Meeting room wireless internet,Non-smoking Rooms,Coffee maker,Limited health club,Complimentary coffee,Meeting facility,Number of Restaurants,Laundry room,Free parking,Free wireless internet,Golf,Jogging track,Smoke alarm,Roll-away crib,Free Broadband internet"
,YX,MDEHEB,YX,81348,YX,0069783,YX,MDEEB,HOTEL ESTELAR BLUE,N,COP,200000.0,Carrera 42 No. 1 Sur-74,Medellin,-9,5001,Colombia,CO,MDE,369-8380,369-8383,,,,X,,Synxis Corporation,1,D,6.197142,-75.572559,1500,1300,10 pm,,N,,,,A,,A,,,,,,A,,A,,X,,X,,,,,,X,,,,,,,,,,,,,X,,,,,X,X,,X,,,,,,X,,,,,,,,,O,,,,,,,,A,A,A,,,,X,X,1,1,,http://www.hotelesestelar.com/en/lineas/lineas-esencial/blue,134,,,N,,,,,,,,,,,,MDE,,,,,,,,,,,,,,,,Park of Lights,Palace of Culture,,57,4,4,,,reservations@hotelesestelar.com,,,,SynXis Hotels & Resorts,,,,,"Electronic key,Number of Bars/Lounges,Cable/Satellite TV,Safe in room,Number of Restaurants,Laundry room,Phone,Business center,Free parking,Public wheelchair,Air conditioning,Free Meeting room wireless internet,Free wireless internet,Meeting room wireless internet,Non-smoking Rooms,Wireless internet,Limited health club,Photo service,Daily maid service,Mini bar,Free Broadband internet"
,HX,MSYGP1,HX,84646,HX,0008332,HX,4534,HAMPTON INN NEW ORLEANS ST. CHARLES AVENUE,Y,USD,,3626 St. Charles Avenue,New Orleans,LA,70115,United States,US,MSY,899-9990,899-9908,48 Hours,"This hotel is located in New Orleans, in the heart of the Garden district on the St. Charles Streetcar line. It is only minutes from Tulane and Loyola Universities, Audubon Park, Zoo, Downtown New Orleans and the French Quarter.",,X,A,Hilton Hotel Corporation,2,D,29.926927,-90.093915,1500,1100,,,Y,,,159.0,A,,A,S,,,A,A,A,A,A,A,X,,X,X,X,,,,X,X,,X,,X,,,,,X,X,,,,X,X,,,X,X,X,X,A,S,,,,,X,X,,,,,,O,N,,,N,O,S,A,,A,,,,,X,,,,,www.hilton.com,100,6,1997,Y,,,,,X,,St Charles & Foucher,,,,,MSY,14,MI,,The Library,,,,1,441,,,,30,,,,,,1,504,504,800,426-7861,MSYGD_Hampton@hilton.com,Louisiana,,,Hampton by Hilton,Hilton HHonors,,,,"Electronic key,Gift shop,Cable/Satellite TV,Lighted parking,Indoor pool,Telephone voice mail,Phone,Fire sprinklers,Business center,Health spa,Public wheelchair,Air conditioning,Surveillance cameras,Fitness room,Laundry/Dry cleaning service,Free Meeting room wireless internet,Whirlpool,Non-smoking Rooms,Coffee maker,Limited health club,Outdoor pool,ATM,Daily maid service,Complimentary coffee,Meeting facility,Refrigerator,Balcony/Terrace,AV equipment,Concierge services,Free wireless internet,TV,Uniformed security,Microwave oven,Smoke alarm,Paid parking,Free Broadband internet"
,BC,TYOHNO,NO,09730,NO,0009051,BC,TYONG,New Otani Garden Tower,N,JPY,18000.0,4-1 KioiCho,Tokyo,-9,102-8578,Japan,JP,NRT,3265-1111,3221-2619,6PM,,,X,,Preferred Hotel Group,-9,D,35.680865,139.734013,1400,1200,,1st night's deposit or credit card guarantee,Y,,475.0,218.0,A,,A,,,S,,S,A,,A,A,X,X,X,,X,,X,,X,X,X,,,X,,X,X,,,X,O,,X,X,X,X,X,X,X,,X,A,,X,X,X,,,,,,,,,O,O,,,O,O,,S,A,S,S,S,X,,X,,4,,,http://www.newotani.co.jp/en/tokyo/index.html,836,40,1964,Y,,,,,,,,,,,,NRT,50,MI,,Tsuru,Fuyo,Ho-oh,Rez,41,2452,1749,,,7816,,,,,,81,3,3,800,591-7484,,,,,New Otani Hotels,Preferred Hotel Brands (iPrefer),,,,"Hair stylist/barber,Gift shop,Car rental,Secretary service,Number of Bars/Lounges,Cable/Satellite TV,Indoor pool,Phone,Fire sprinklers,Business center,Health spa,Public wheelchair,Air conditioning,Multi-lingual staff,Laundry/Dry cleaning service,Free Meeting room wireless internet,Outdoor tennis,Non-smoking Rooms,Coffee maker,Limited health club,Currency exchange,Outdoor pool,Limited room service,Daily maid service,Concierge club floor,Mini bar,Complimentary coffee,Meeting facility,Refrigerator,Babysitting,Safe in room,Laundry room,Free parking,Kitchenette,AV equipment,Concierge services,Free wireless internet,TV,Guest fax,VCR in room,Photo service,Free Meeting room broadband internet,Free newspaper,Smoke alarm,Free Broadband internet"
,YZ,BEY6BA,YZ,77280,YZ,0162783,YZ,5818,Staybridge Suites Beirut Lebanon,N,USD,320.0,Alfred Nobel Street,Beirut,-9,422,Lebanon,LB,RHA,962200,962299,24 Hours,,,,,Intercontinental Hotels Group,1,D,33.892,35.484,1400,1200,,,Y,,415.0,190.0,,,,,,,A,,,,,,X,,X,,,,,,X,X,,X,,,,,,,,,,,,,,,,X,,,,A,,,,,,,,,N,,,N,O,O,,,,O,,A,,S,,,,,,,,1,,http://www.ichotelsgroup.com/staybridge/hotels/us/en/beirut/beyvs/hoteldetail,121,23,2012,Y,,,,,,,,,,,,RHA,,,,,,,,,,,,,,,,,,,961,1,1,800,238-8000,,,,,Staybridge Suites,IHG Rewards Club,,,,"Number of Restaurants,Laundry room,Business center,Health spa,Public wheelchair,Laundry/Dry cleaning service,Free wireless internet,Non-smoking Rooms,Coffee maker,Limited health club,Outdoor pool,Beach,Golf,Microwave oven,Refrigerator,Paid parking"
,UI,SIN156,UI,86531,UI,0145997,UI,SIN15,PARK AVENUE HOTELS & SUITES ROCHESTER,N,SGD,215.0,31 Rochester Drive,Singapore,-9,138637,Singapore,SG,SIN,6808-8600,6808-8611,6PM,,,X,,Pegasus Connect,1,D,1.306495,103.789002,1400,1200,,Credit card guarantee or company guarantee,Y,,520.0,188.0,A,X,A,,,S,S,,A,,A,A,X,,X,,X,,,X,,X,X,X,,X,X,X,,,X,X,,,,,,X,,,X,X,X,A,,,,X,,X,X,,,,,,O,,,N,,O,,S,,A,A,,,,X,,,1,,https://parkavenueintl.com/parkavenuerochester/,351,24,2011,Y,,,,,,,Buona Vista,Singapore,,KM,,SIN,28.60,KM,E,,,,,1,,,,,100,,,Star Vista,Holland Village,,65,,,,,,,,,Pegasus Connect Plus,,,,,"Electronic key,Cable/Satellite TV,Lighted parking,Phone,Fire sprinklers,Public wheelchair,Air conditioning,Surveillance cameras,Multi-lingual staff,Laundry/Dry cleaning service,Free Meeting room wireless internet,Non-smoking Rooms,Coffee maker,Limited health club,Outdoor pool,Limited room service,Daily maid service,Complimentary coffee,Meeting facility,Refrigerator,Safe in room,Number of Restaurants,Kitchenette,AV equipment,Free wireless internet,TV,Broadband internet,Guest fax,Photo service,Computer use,Uniformed security,Microwave oven,Jogging track,Smoke alarm,Roll-away crib,Paid parking,Free Broadband internet"
,HX,RME527,HX,42863,HX,0149108,HX,14910,Hampton Inn - Suites New Hartford-Utica NY,N,USD,114.0,201 Woods Park Dr,Clinton,NY,13323,United States,US,SYR,793-1600,793-1610,24H,Welcome to the Hampton Inn and,,X,,Hilton Hotel Corporation,1,D,43.091415,-75.329378,1500,1100,,,Y,,139.0,169.0,A,,A,,,S,A,A,,A,A,A,X,,X,,,,,,X,X,,,,X,,,,,X,X,,,,,,,X,X,,X,X,A,,,,,,X,,,,,,,O,,,,O,,,A,,A,S,,,,X,,,,,www.hilton.com,87,3,2012,Y,,,,,X,,,,,,,SYR,,,,,,,,1,,,,,50,,,,,,1,315,315,800,426-7866,MARIE.BORRILL@HILTON.COM,New York,,,Hampton by Hilton,Hilton HHonors,,,,"Electronic key,Cable/Satellite TV,Lighted parking,Indoor pool,Telephone voice mail,Fire sprinklers,Business center,Public wheelchair,Air conditioning,Surveillance cameras,Laundry/Dry cleaning service,Free Meeting room wireless internet,Non-smoking Rooms,Coffee maker,Limited health club,Refrigerator,Laundry room,Free parking,AV equipment,Free wireless internet,TV,Free newspaper,Microwave oven,Smoke alarm,Free Broadband internet"
